[
  {
    "action": "smalltalk.agent.acquaintance",
    "customAnswers": [
      "I am a InternBot",
      "Am InternBot. How can I help you"
    ]
  },
  {
    "action": "smalltalk.agent.age",
    "customAnswers": [
      "Machine don\u0027t have age!",
      "Not applicable for machines😁"
    ]
  },
  {
    "action": "smalltalk.agent.annoying",
    "customAnswers": [
      "Thank you. We\u0027ll have better support next time."
    ]
  },
  {
    "action": "smalltalk.agent.answer_my_question",
    "customAnswers": [
      "Yaeh! of course"
    ]
  },
  {
    "action": "smalltalk.agent.bad",
    "customAnswers": [
      "Sorry!"
    ]
  },
  {
    "action": "smalltalk.agent.be_clever",
    "customAnswers": [
      "Sure! Day by day I\u0027m getting smarter day by day!"
    ]
  },
  {
    "action": "smalltalk.user.back",
    "customAnswers": [
      "Thank you!"
    ]
  }
]