[
  {
    "id": "debb4686-ade6-4dc1-8091-fa6659eb68a9",
    "data": [
      {
        "text": "could order me a pizza ",
        "userDefined": false
      },
      {
        "text": "here",
        "meta": "@sys.address",
        "alias": "address",
        "userDefined": true
      },
      {
        "text": "?",
        "userDefined": false
      }
    ],
    "isTemplate": false,
    "count": 0,
    "lang": "en",
    "updated": 0
  },
  {
    "id": "681d1af0-01ed-466f-9c5f-71e62f77c43b",
    "data": [
      {
        "text": "could order me a pizza ",
        "userDefined": false
      },
      {
        "text": "now",
        "meta": "@sys.date-time",
        "alias": "date-time",
        "userDefined": true
      },
      {
        "text": "?",
        "userDefined": false
      }
    ],
    "isTemplate": false,
    "count": 0,
    "lang": "en",
    "updated": 0
  },
  {
    "id": "b3648105-e0d7-4109-b5a9-951c36d88ade",
    "data": [
      {
        "text": "could u add ",
        "userDefined": false
      },
      {
        "text": "toppings",
        "meta": "@toppings",
        "alias": "toppings",
        "userDefined": true
      },
      {
        "text": " to the pizza",
        "userDefined": false
      }
    ],
    "isTemplate": false,
    "count": 0,
    "lang": "en",
    "updated": 0
  },
  {
    "id": "f7f0fa12-fa51-4ca0-8af4-85e71a07885d",
    "data": [
      {
        "text": "could order small ",
        "userDefined": false
      },
      {
        "text": "size",
        "meta": "@size",
        "alias": "size",
        "userDefined": true
      },
      {
        "text": " pizza",
        "userDefined": false
      }
    ],
    "isTemplate": false,
    "count": 0,
    "lang": "en",
    "updated": 0
  },
  {
    "id": "8640135d-3d3d-4dd5-af1c-9db4111b97a9",
    "data": [
      {
        "text": "could order me a pizza in mobile number of @sys.phone-number",
        "userDefined": false
      }
    ],
    "isTemplate": false,
    "count": 0,
    "lang": "en",
    "updated": 0
  },
  {
    "id": "1a8cbca9-6a5e-40df-9cc6-43cbe3d4ded3",
    "data": [
      {
        "text": "could you order me a pizza to the mail id",
        "userDefined": false
      }
    ],
    "isTemplate": false,
    "count": 0,
    "lang": "en",
    "updated": 0
  },
  {
    "id": "05c9e293-ba6a-49f3-9d05-6215caaeb9c1",
    "data": [
      {
        "text": "order pizza",
        "userDefined": false
      }
    ],
    "isTemplate": false,
    "count": 0,
    "lang": "en",
    "updated": 0
  },
  {
    "id": "40e9e50d-29b9-4cb3-ba48-732c6d7df849",
    "data": [
      {
        "text": "order me pizza",
        "userDefined": false
      }
    ],
    "isTemplate": false,
    "count": 0,
    "lang": "en",
    "updated": 0
  },
  {
    "id": "bb6cabb3-c2cb-4ce5-93e1-188c2b25290a",
    "data": [
      {
        "text": "please order me a pizza",
        "userDefined": false
      }
    ],
    "isTemplate": false,
    "count": 0,
    "lang": "en",
    "updated": 0
  }
]